,household_key,segment_name,monetary,frequency,recency,churn_proba,churn_risk_tier,priority_score
1,2493,Occasional Shoppers,2588.73,111,78,0.8844170707017993,High,6.950906956984702
2,682,Premium Loyalists,4438.29,217,52,0.7925480679311626,High,6.656016599678095
3,370,Occasional Shoppers,3386.78,132,65,0.8158529875171711,High,6.631196069589493
4,1468,Occasional Shoppers,4131.7300000000005,78,53,0.7877542731316892,High,6.559388373495322
5,2092,Occasional Shoppers,2290.54,122,62,0.8470033896461155,High,6.553247743213224
6,2106,Occasional Shoppers,2807.03,52,129,0.8085319435991757,High,6.41993642568904
7,93,High-Value Deal Seekers,3346.7200000000003,106,70,0.7770413390851597,High,6.306494546017776
8,1469,Churn Risk,1160.0,44,71,0.87006774733674,High,6.1401002695379505
9,963,Occasional Shoppers,2036.66,43,33,0.7846873694249875,High,5.978970428564999
10,416,Churn Risk,2177.04,29,46,0.7620692230866527,High,5.857401730773911
11,1079,Churn Risk,978.1,49,76,0.8471067735011069,High,5.833714123658725
12,775,Churn Risk,1121.0,33,107,0.8277428229001353,High,5.813128654429316
13,1031,Occasional Shoppers,4232.12,145,64,0.6930426510658089,High,5.787387516068388
14,649,Churn Risk,1553.45,55,65,0.7827248998573046,High,5.7521490642165585
15,1974,Premium Loyalists,5266.0,198,111,0.6680797529294757,High,5.724919854711718
16,1908,Churn Risk,714.3100000000001,38,33,0.8522536563797634,High,5.601621256270034
17,1162,Churn Risk,431.76,33,124,0.8918271306036673,High,5.413554156299865
18,746,Churn Risk,569.0500000000001,39,33,0.8526952864443988,High,5.410969008920461
19,355,Churn Risk,340.34,7,250,0.9224991887368448,High,5.3808261897714775
20,1118,Churn Risk,945.89,16,26,0.7809957352907922,High,5.352306641619816
21,1472,Churn Risk,269.54,4,204,0.9535430981619996,High,5.340241801250583
22,678,Churn Risk,459.17,57,77,0.8673680976620843,High,5.318350746380636
23,2246,Churn Risk,321.35,5,169,0.91968979128268,High,5.311795225587788
24,651,Churn Risk,370.53,8,90,0.8963065380239459,High,5.304010113168867
25,2480,Churn Risk,1591.21,28,77,0.7188678344469327,High,5.3001250336208505
26,948,Churn Risk,304.85,4,249,0.9166154613344114,High,5.245877167244497
27,1311,Churn Risk,685.63,17,14,0.8025099083894376,High,5.241830667413579
28,828,Churn Risk,1123.16,37,121,0.7455292605595366,High,5.237187514973336
29,2443,Occasional Shoppers,4029.19,151,168,0.6285809593504017,High,5.218208080562789
30,1554,Churn Risk,930.77,45,91,0.7593791393007993,High,5.191940484370434
31,2025,Churn Risk,906.31,25,72,0.7604577422732756,High,5.179085421658656
32,344,Occasional Shoppers,2113.97,46,31,0.6754994720726787,High,5.172161592935004
33,2157,Churn Risk,390.7,12,23,0.8660702890281904,High,5.170869404800337
34,652,Churn Risk,1378.88,38,50,0.7151465024248015,High,5.1703317259337584
35,1973,Churn Risk,1683.55,130,35,0.6953850476411786,High,5.166191969269234
36,1910,Churn Risk,741.83,26,7,0.777512544794055,High,5.139721187689268
37,974,Churn Risk,1766.75,34,58,0.6870628061302763,High,5.137486595047416
38,102,Churn Risk,304.84000000000003,8,442,0.8877302167119259,High,5.080535148868357
39,1645,Churn Risk,243.41,6,295,0.923781869173943,High,5.079735292053708
40,778,Occasional Shoppers,2285.59,122,11,0.6521354309066325,High,5.044148154538929
41,2422,Churn Risk,368.07,5,180,0.8520130598195391,High,5.036237547825087
42,2096,Churn Risk,1301.65,26,30,0.702121678640448,High,5.035726161144134
43,2143,Churn Risk,298.65,9,11,0.8821083575523953,High,5.030324463346903
44,12,Churn Risk,266.21,7,117,0.8951292253673496,High,5.002013321028475
45,444,Churn Risk,1261.62,44,50,0.6999402869147747,High,4.998234536486313
46,1052,Churn Risk,231.66,7,390,0.9165321475809828,High,4.994713574751404
47,1435,Churn Risk,511.78,13,1,0.7986162283465813,High,4.983242999362214
48,130,Churn Risk,511.62,20,283,0.796796371591721,High,4.9716387129211785
49,298,Churn Risk,224.86,7,329,0.915226589950896,High,4.96045063289077
50,751,Churn Risk,468.26,21,25,0.8061276687527346,High,4.958617841128566
51,150,Churn Risk,230.35,6,13,0.9103031566389536,High,4.955628225012757
52,918,Occasional Shoppers,3135.38,152,16,0.6142934803458768,High,4.94556903099847
53,1828,Premium Loyalists,5813.77,86,51,0.5705066128206868,High,4.945240610655667
54,2491,Churn Risk,950.77,60,51,0.7187861902789292,High,4.929668154829702
55,1361,Churn Risk,360.48,8,148,0.8365892975026719,High,4.9276838978756095
56,950,Occasional Shoppers,2027.0,58,11,0.6459021575246098,High,4.918419214196855
57,677,Churn Risk,1518.68,42,49,0.6699389971617162,High,4.908143971438729
58,613,Churn Risk,230.36,6,81,0.90110163289837,High,4.905574706964032
59,1278,Churn Risk,645.49,15,65,0.7563392914687577,High,4.894693388349693
60,359,Churn Risk,172.85,2,567,0.9451645464280044,High,4.875341013448724
61,272,Churn Risk,401.62,7,164,0.8124179081759472,High,4.872877079918382
62,832,Churn Risk,396.4,11,46,0.8137855637615421,High,4.870460481980727
63,1232,Churn Risk,488.49,22,76,0.7845492544353396,High,4.858999134342777
64,1561,Churn Risk,401.41,6,10,0.8071570174037316,High,4.840901183181781
65,1150,Churn Risk,845.39,14,69,0.7176756579094764,High,4.837837433210558
66,1656,Churn Risk,312.68,7,41,0.8337647544649679,High,4.792791101392556
67,1455,Churn Risk,820.18,14,361,0.7131454724103844,High,4.785735509327063
68,2249,Churn Risk,181.51,3,316,0.9188328175970666,High,4.784183277626704
69,874,Churn Risk,222.22,5,64,0.8840124158024584,High,4.780878670308479
70,833,Churn Risk,1975.56,34,16,0.6289878123925021,High,4.773459734176896
71,372,Churn Risk,440.42,10,125,0.7812269180328119,High,4.757669433371917
72,1212,Churn Risk,174.56,5,327,0.9188775519979764,High,4.748741605838217
73,1915,Churn Risk,471.12,26,99,0.7711234877581025,High,4.747987132845246
74,2436,Churn Risk,972.68,15,25,0.6895621024854923,High,4.744933859205983
75,1913,Churn Risk,804.63,46,31,0.7083101046339678,High,4.739745306456327
76,423,Churn Risk,230.85,14,32,0.8693749648534272,High,4.734694833385405
77,1714,Churn Risk,162.58,7,92,0.9280304193319168,High,4.730451467787244
78,967,Churn Risk,294.8,9,111,0.8300198937158455,High,4.722550535677461
79,1486,Churn Risk,456.91,11,10,0.7702619539962058,High,4.719142853241873
80,1757,Churn Risk,253.11,10,167,0.8513612723113515,High,4.714640566732225
81,1243,Churn Risk,249.7,14,27,0.8527395937033008,High,4.710752674096374
82,1341,Churn Risk,377.93,11,136,0.79190210546148,High,4.701801146947276
83,1610,Churn Risk,164.49,11,155,0.9183230112668068,High,4.691630322628153
84,2339,Churn Risk,228.2,5,425,0.8629364171706772,High,4.689709924992065
85,499,Churn Risk,753.36,70,77,0.7059730676613426,High,4.677685563429914
86,1275,Churn Risk,137.63,8,330,0.9457948410690576,High,4.664479049256316
87,1411,Churn Risk,131.52,6,178,0.9541430945224812,High,4.662643097677592
88,870,Churn Risk,241.41,12,203,0.8465031661274516,High,4.647836108609029
89,556,Churn Risk,613.86,14,215,0.7234556950492811,High,4.645594493250647
90,620,Churn Risk,304.98,19,50,0.8116530894171035,High,4.645512479586117
91,835,Churn Risk,273.81,17,33,0.8268195764235545,High,4.643484845244517
92,206,Churn Risk,363.77,14,339,0.7865667882037789,High,4.64016751108621
93,584,Occasional Shoppers,1098.3,56,86,0.6622948673245329,High,4.637672714363938
94,1308,Churn Risk,320.58,23,42,0.8026546482177437,High,4.6339230151768565
95,163,Churn Risk,263.85,15,45,0.829082702837902,High,4.625588060269308
96,60,Churn Risk,296.78000000000003,5,385,0.8113350708383119,High,4.621652554040401
97,1254,Churn Risk,215.45,5,134,0.8586177023123068,High,4.617096121838791
98,1523,Churn Risk,1637.39,66,189,0.6230086357427368,High,4.611179310591734
99,1199,Churn Risk,163.57,7,340,0.9029203890904524,High,4.607906137259773
100,1371,Churn Risk,835.71,45,90,0.683762918135546,High,4.601367196821733
101,619,Churn Risk,168.98,5,16,0.8958496187947318,High,4.600797671765119
102,559,Churn Risk,249.34,26,132,0.8316772763072897,High,4.593203890062092
103,2052,Churn Risk,131.83,6,30,0.9379094654025188,High,4.585505138010527
104,2073,Churn Risk,1697.23,72,38,0.6164458278578874,High,4.584718329850604
105,990,Churn Risk,247.12,16,51,0.8310717789955933,High,4.582457070688233
106,90,Churn Risk,364.13,8,38,0.7748865920306601,High,4.572027291516925
107,2414,Churn Risk,178.68,6,21,0.8803451360421131,High,4.570027854524463
108,1934,Churn Risk,542.87,15,72,0.7250594286093414,High,4.5669392531801885
109,1706,Churn Risk,158.16,7,86,0.9005388523512411,High,4.565650919919154
110,2101,Churn Risk,231.61,5,15,0.8372281273178265,High,4.562360173317907
111,1825,Occasional Shoppers,1831.84,43,28,0.6070786384574272,High,4.561359386587434
112,504,Churn Risk,516.34,7,1,0.7288782083630164,High,4.554541478233697
113,1817,Churn Risk,612.05,33,27,0.7076347963915353,High,4.541916081242249
114,2067,Churn Risk,108.65,5,476,0.9662946806135628,High,4.5389696980417815
115,1603,Churn Risk,492.72,11,51,0.730981942946276,High,4.533527024334768
116,1863,Churn Risk,411.45,14,152,0.7501514244827615,High,4.517498135376987
117,2417,Churn Risk,188.38,8,197,0.8589427024071165,High,4.5040855874067285
118,1400,Churn Risk,227.91,9,216,0.828794474389202,High,4.5031129808024914
119,1026,Churn Risk,412.54,26,190,0.7473245343636358,High,4.502446660779504
120,739,Churn Risk,160.06,6,332,0.882999745551457,High,4.487207768251668
121,35,Churn Risk,949.93,53,32,0.6540802732652321,High,4.485316525467971
122,509,Churn Risk,277.14,16,54,0.7965751826397497,High,4.483224368459264
123,1813,Churn Risk,203.81,3,18,0.8423777438425646,High,4.483204034299904
124,1339,Churn Risk,317.26,5,13,0.776771348661826,High,4.476431260243092
125,2072,Churn Risk,240.96,11,468,0.8154921368312117,High,4.476050752007167
126,683,Churn Risk,170.05,9,24,0.8701165205636704,High,4.4741007865397115
127,2460,Churn Risk,757.41,20,27,0.6721962937079279,High,4.4574842873071585
128,231,Churn Risk,325.68,9,168,0.7695802652715478,High,4.455085609427968
129,2463,Churn Risk,158.42,12,126,0.8772824773424452,High,4.449175130603751
130,173,Churn Risk,234.97,10,227,0.812893940194846,High,4.4414124240053425
131,783,Churn Risk,387.34,17,35,0.7448560824544491,High,4.4407435078863156
132,1091,Occasional Shoppers,5429.59,112,57,0.5154174370881434,High,4.432488454009876
133,1035,Churn Risk,183.04,4,214,0.845681581371041,High,4.410358942085063
134,970,Churn Risk,574.47,11,29,0.691221090115555,High,4.392839353919493
135,1851,Churn Risk,1167.8,38,35,0.6211194904120318,High,4.387422154681037
136,958,Churn Risk,310.99,10,105,0.7616240319659521,High,4.373984832074898
137,45,Churn Risk,807.09,57,34,0.6528309362441823,High,4.370489928676768
138,1977,Churn Risk,307.19,28,34,0.7623996622730839,High,4.3690963058061225
139,1327,Churn Risk,477.17,9,212,0.7069841324020053,High,4.362068284138772
140,313,Churn Risk,92.54,4,535,0.9608691447842012,High,4.360798103466225
141,2268,Churn Risk,654.03,22,29,0.6723649279252851,High,4.360072097464656
142,2399,Churn Risk,152.26,8,174,0.864176099731639,High,4.34865151103696
143,589,Churn Risk,249.28,16,26,0.7873999946227284,High,4.348479691539476
144,1482,Churn Risk,1042.35,18,26,0.6237630597687359,High,4.3352730086754345
145,642,Occasional Shoppers,2208.34,64,34,0.5620537218812692,High,4.328066080957584
146,645,Churn Risk,429.06,48,79,0.7107959217120126,High,4.310212970380113
147,2177,Churn Risk,133.5,3,13,0.8713366652792675,High,4.2709126038454075
148,2045,Churn Risk,310.64,19,24,0.7434010842298192,High,4.268496530822491
149,1871,Churn Risk,350.12,14,42,0.7269894625861458,High,4.2609783278593785
150,899,Churn Risk,247.09,10,31,0.7713389518267145,High,4.253002220652079
151,2032,Occasional Shoppers,1129.92,53,114,0.6047629646102949,High,4.251959432274278
152,1701,Churn Risk,1265.86,26,37,0.5951052836301938,High,4.251608700291422
153,2315,Churn Risk,141.79,2,502,0.8556972777879379,High,4.245435098221772
154,1478,Churn Risk,88.59,6,108,0.942989516708486,High,4.238967690382543
155,2469,Churn Risk,546.69,31,42,0.6706506925192408,High,4.2289283983700034
156,2383,Churn Risk,413.98,14,173,0.700605862691456,High,4.223413508259021
157,1787,Churn Risk,1077.71,59,46,0.6045171098457948,High,4.221658029251992
158,237,Churn Risk,413.83,5,154,0.7001564171517597,High,4.220451020494707
159,1048,Occasional Shoppers,1717.45,97,64,0.5663025253378897,High,4.218488313502307
160,203,Churn Risk,815.2,35,38,0.6289922278759325,High,4.217178667604337
161,2308,Churn Risk,499.24,26,62,0.6780875882518892,High,4.214374021341422
162,174,Churn Risk,1114.61,26,137,0.6005428183139023,High,4.214103012824262
163,1322,Churn Risk,256.99,15,155,0.7580376859277048,High,4.209323251928975
164,1840,Churn Risk,337.21,37,65,0.7222859275387049,High,4.206352723899136
165,440,Churn Risk,83.88,6,132,0.9449417047477338,High,4.196711474000512
166,1582,Occasional Shoppers,1907.02,37,19,0.5549559485139027,High,4.19203808338866
167,2402,Churn Risk,925.29,32,38,0.6128943991861276,High,4.186796473080219
168,1149,Churn Risk,223.98,10,24,0.7728703314056847,High,4.185874610139683
169,969,Churn Risk,296.57,7,10,0.7320873809758801,High,4.169713119134673
170,872,Churn Risk,167.08,8,51,0.8133712641230323,High,4.168072286707996
171,2220,Churn Risk,205.51,11,203,0.7777131569746509,High,4.1454824220939495
172,2403,Churn Risk,118.69,10,19,0.8659773397060941,High,4.1436193605675244
173,1006,Churn Risk,139.89,9,29,0.8367449489898796,High,4.140196807527297
174,1249,Churn Risk,249.98,18,29,0.7487631867738774,High,4.137196086290967
175,1674,Churn Risk,120.28,8,202,0.8601179421290283,High,4.126933551184855
176,1355,Churn Risk,128.07,4,15,0.8483756636044177,High,4.123406807572134
177,1115,Churn Risk,1759.5,48,30,0.5507609407913059,High,4.1160310054783
178,1242,Churn Risk,776.23,29,32,0.6181162312556338,High,4.114018648409531
179,471,Churn Risk,1062.1,40,45,0.5890433439651855,High,4.105010341141999
180,1022,Churn Risk,263.27,36,40,0.7354512275626675,High,4.101590394395793
181,1441,Churn Risk,302.19,12,73,0.716452928819356,High,4.094069723112359
182,1711,Churn Risk,539.15,10,152,0.6505301887873883,High,4.093036337863031
183,1309,Churn Risk,158.48,9,71,0.8068436312337449,High,4.092245158026204
184,1583,Churn Risk,308.53000000000003,18,30,0.7134949784441713,High,4.091932956415726
185,2175,Churn Risk,384.82,14,51,0.6860084290162426,High,4.0854346623877635
186,255,Churn Risk,517.89,14,78,0.6525359847176765,High,4.079453939679015
187,1059,Churn Risk,72.91,5,66,0.9459446783560072,High,4.070256296776989
188,599,Churn Risk,328.35,4,71,0.7019553494290732,High,4.06932010782781
189,860,Churn Risk,254.27,51,65,0.7339914335911609,High,4.068016729666179
190,1878,Churn Risk,400.91,28,71,0.6777890737122074,High,4.06417794589346
191,2051,Premium Loyalists,4923.16,288,159,0.4779715433635761,Medium,4.063670557034094
192,415,Churn Risk,305.4,9,16,0.7093113124673865,High,4.060730259526346
193,1756,Occasional Shoppers,3177.39,60,67,0.5031590706103347,High,4.057540185394131
194,1214,Churn Risk,109.97,6,81,0.861189365450853,High,4.055564540298347
195,1135,Churn Risk,549.6,48,29,0.6423539486358729,High,4.053901289401233
196,1736,Churn Risk,363.32,21,23,0.6867211622943048,High,4.0503038039117545
197,792,Churn Risk,276.42,19,154,0.7191162921845108,High,4.0454121472734474
198,1727,Churn Risk,149.01,2,503,0.8068042080228831,High,4.042655425299219
199,76,Churn Risk,270.37,14,22,0.7212586615181168,High,4.041560795079995
200,500,Churn Risk,84.82000000000001,5,168,0.9077412016787408,High,4.041492652879534
201,1280,Churn Risk,318.81,21,53,0.7004478720246405,High,4.039992152218276
202,261,Occasional Shoppers,1175.23,43,85,0.5709420486037464,High,4.0366000711907155
203,917,Churn Risk,488.48,43,53,0.6512991684823809,High,4.033719538836079
204,1365,Churn Risk,103.65,9,232,0.8670234742793127,High,4.03219796617624
205,2061,Churn Risk,217.51,17,115,0.7484016492319533,High,4.031513788346055
206,1842,Churn Risk,847.11,17,35,0.5965112705270039,High,4.022281667691221
207,1909,Churn Risk,514.45,19,23,0.6439055840534751,High,4.021216325377767
208,2413,Churn Risk,301.41,16,3,0.7035975293064451,High,4.0187969080771255
209,615,Churn Risk,246.97,12,18,0.7281536706860035,High,4.0145352911523995
210,1945,Churn Risk,746.84,16,11,0.6060508118596353,High,4.010352796799657
211,2476,Churn Risk,403.26,14,140,0.6677072679958931,High,4.007617906657002
212,1183,Churn Risk,158.78,8,370,0.7890098316996323,High,4.003276402740168
213,1564,Churn Risk,408.43,32,179,0.6655631776126595,High,4.003206737286902
214,486,Churn Risk,839.74,25,50,0.5942959597942705,High,4.002156855956418
215,496,Churn Risk,555.1800000000001,11,2,0.6326032857243542,High,3.99874355772625
216,2265,Churn Risk,77.44,3,549,0.9113347210286468,High,3.9755464401341656
217,880,Churn Risk,183.77,10,17,0.7611642740536653,High,3.972601450820627
218,815,Churn Risk,1785.61,45,29,0.5303170247135789,High,3.971053786603106
219,1343,Churn Risk,188.05,10,209,0.7574877661730591,High,3.9707596043683493
220,310,Churn Risk,111.07,5,70,0.8406312730809623,High,3.9670429436361374
221,488,Churn Risk,358.56,17,35,0.6735246654086766,High,3.963612548054851
222,2178,Premium Loyalists,3681.13,151,11,0.4825655200399003,Medium,3.962464518552217
223,1323,Churn Risk,288.39,10,59,0.6980545909769915,High,3.956416540415215
224,295,Churn Risk,123.39,4,175,0.8199043784652396,High,3.954744645807463
225,921,Churn Risk,101.3,8,16,0.8507141028670396,High,3.9370280255798034
226,2122,Churn Risk,113.31,5,34,0.8285830515900302,High,3.926583869774594
227,2329,Occasional Shoppers,2722.37,100,40,0.4963774334449036,Medium,3.926159537190494
228,2136,Churn Risk,530.35,9,133,0.6246529602978185,High,3.9199602659233657
229,2105,Churn Risk,864.68,31,96,0.5789791989482028,High,3.915934685094893
230,50,Churn Risk,244.4,14,43,0.7109356646409906,High,3.912200427075164
231,2304,Churn Risk,240.09,88,47,0.7124873194397834,High,3.908114289247475
232,315,Churn Risk,165.23,10,113,0.7634412058544512,High,3.9037591693169573
233,1028,Churn Risk,121.91,12,63,0.8102155576655841,High,3.8983135734269307
234,951,Churn Risk,399.75,11,1,0.6494380302457764,High,3.8923014899026183
235,2254,Occasional Shoppers,1270.35,80,52,0.5437827439647243,High,3.8868691160018627
236,1888,Churn Risk,135.61,11,98,0.7901921374200999,High,3.885477583912012
237,1846,Churn Risk,425.87,16,18,0.6412581572553155,High,3.8837668946707216
238,555,Churn Risk,561.03,21,20,0.6132686707298695,High,3.8829444590960702
239,1543,Occasional Shoppers,2236.53,78,30,0.5023734740074757,High,3.874870837427193
240,1886,Churn Risk,392.6,28,224,0.6481190276008941,High,3.872728416844657
241,1436,Churn Risk,134.89,8,25,0.7866303512327767,High,3.8638069356710947
242,10,Churn Risk,163.94,7,124,0.7564063158967824,High,3.8618942982183824
243,38,Churn Risk,706.13,27,70,0.588316542716893,High,3.860071045091793
244,789,Churn Risk,231.36,16,28,0.7079293571882466,High,3.857002945956014
245,2365,Churn Risk,313.65,7,396,0.6701556938930646,High,3.854374277021754
246,2093,Churn Risk,477.49,16,10,0.6242525246158657,High,3.852034672020436
247,2396,Churn Risk,412.84,14,13,0.6389076369700485,High,3.849724821482603
248,179,Churn Risk,620.5600000000001,38,99,0.5982201597946012,High,3.8478911222316237
249,1771,Churn Risk,471.14,10,29,0.624033440143767,High,3.8423458444872316
250,2428,Churn Risk,308.86,17,32,0.6687699956965384,High,3.836145337318924
251,774,Churn Risk,740.66,14,91,0.5795631778467804,High,3.8302698219733027
252,1090,Churn Risk,173.55,8,31,0.741894885753254,High,3.8298181133495173
253,352,Churn Risk,117.43,4,392,0.8007526572456855,High,3.823051083084991
254,2155,Churn Risk,259.94,10,41,0.6870050129245717,High,3.822695464008983
255,1009,Churn Risk,125.52,23,35,0.7887935700911337,High,3.818076710954021
256,535,Churn Risk,1286.76,33,36,0.5329123960119516,High,3.816004239893642
257,1215,Churn Risk,479.21,13,11,0.6174832374086145,High,3.812479520344206
258,1360,Churn Risk,554.62,21,41,0.6029683374397743,High,3.810810908174069
259,2098,Churn Risk,663.44,12,8,0.5848999176879601,High,3.8012321502649344
260,1477,Churn Risk,258.46,14,22,0.6832696006363234,High,3.798024143165626
261,1986,Churn Risk,222.44,11,20,0.701723332662252,High,3.795721797817491
262,1410,Occasional Shoppers,2354.61,42,17,0.4888441319178456,Medium,3.795657146877205
263,752,Premium Loyalists,3401.45,100,25,0.4662717967479353,Medium,3.7918393037185587
264,1122,Occasional Shoppers,1236.98,77,123,0.5322286620588722,High,3.790126067103025
265,822,Churn Risk,765.1,37,50,0.5698945594801142,High,3.784847980963166
266,1392,Occasional Shoppers,2196.94,103,28,0.4894122671034204,Medium,3.7661623933957156
267,181,Occasional Shoppers,1670.82,39,29,0.5070191907539208,High,3.762928170506731
268,1034,Churn Risk,565.74,57,106,0.5935011151902675,High,3.7627381028652587
269,1176,Churn Risk,115.56,5,30,0.790442304984624,High,3.761245534654958
270,819,Churn Risk,149.92000000000002,5,43,0.747913759751502,High,3.7520962757742846
271,2368,Churn Risk,1127.26,22,89,0.5331424553683753,High,3.7471554415959383
272,1221,Churn Risk,400.25,7,325,0.6207838438769177,High,3.7213413166471474
273,2409,High-Value Deal Seekers,837.42,7,124,0.5521474523903238,High,3.716791159462603
274,821,Churn Risk,464.56,17,1,0.6040675479752936,High,3.7109325166626403
275,1669,Churn Risk,173.17000000000002,7,14,0.718240796339773,High,3.70614537340665
276,1315,Churn Risk,526.15,4,65,0.5912979032102831,High,3.7059508205145875
277,422,Churn Risk,822.52,17,26,0.551818455942235,High,3.7046816734413617
278,1044,Churn Risk,418.23,18,110,0.612573238710748,High,3.6989743094640977
279,1013,Churn Risk,904.3,33,32,0.5428975535029449,High,3.6961911615596987
280,1241,Churn Risk,1138.29,75,37,0.5243614371569921,High,3.6905399758775355
281,2219,Churn Risk,1044.63,22,52,0.5305930233309116,High,3.6888815928795173
282,711,Churn Risk,256.69,22,22,0.662703875460955,High,3.6791710863431213
283,309,Churn Risk,2242.84,20,27,0.4761305632824898,Medium,3.6737967452892115
284,2128,Occasional Shoppers,1830.44,80,108,0.4882288454373224,Medium,3.6679939001986863
285,1442,Churn Risk,260.3,26,101,0.6586870443860569,High,3.666034177282115
286,487,Churn Risk,106.92,7,18,0.7818605900753671,High,3.660194513448791
287,1538,Churn Risk,499.42,31,283,0.5884014958648788,High,3.6571787511102625
288,791,Churn Risk,257.63,20,36,0.6578143597989069,High,3.6544208872406654
289,1320,Churn Risk,217.94,9,17,0.6768748344632658,High,3.647541564461995
290,1516,Churn Risk,189.66,15,125,0.6938173868166848,High,3.6428824565133344
291,1504,Churn Risk,66.33,3,424,0.8650813247918233,High,3.641651451035653
292,363,Churn Risk,52.4,4,40,0.9152011088765004,High,3.640496805609079
293,1750,Churn Risk,655.76,18,33,0.5599557481141072,High,3.6326113706836747
294,2306,Churn Risk,62.06,8,280,0.8763141879852199,High,3.631521931242851
295,1612,Premium Loyalists,7374.15,134,18,0.4075505685730083,Medium,3.6295930016077373
296,2495,Churn Risk,206.51,19,110,0.6797338410807169,High,3.6265020756525828
297,1745,Occasional Shoppers,2383.28,117,38,0.4657984784840862,Medium,3.6223528886694156
298,1655,Churn Risk,476.31,39,47,0.5859754793540214,High,3.6143941311168923
299,767,Churn Risk,402.01,9,101,0.6023057006038851,High,3.6132086341870164
300,935,Occasional Shoppers,1414.35,50,29,0.497516976500726,Medium,3.6095514010899414
301,1170,Churn Risk,66.45,6,149,0.8556253727966072,High,3.6033692147737577
302,1105,Churn Risk,57.23,1,558,0.8865325371993301,High,3.6032234522204365
303,724,Churn Risk,623.42,24,15,0.559733693504544,High,3.602906834738292
304,1641,Churn Risk,476.68,43,48,0.583674821288297,High,3.6006555662034834
305,9,Churn Risk,622.38,14,3,0.5589144128921094,High,3.596701596725552
306,2330,High-Value Deal Seekers,4599.42,63,47,0.4250582802075252,Medium,3.584900254739484
307,735,Churn Risk,835.57,78,25,0.5323272058750776,High,3.582194895665254
308,5,Churn Risk,749.09,38,32,0.5399864269235843,High,3.574814471250522
309,347,Churn Risk,485.89,13,134,0.5766974439554199,High,3.5686258273864837
310,1233,Occasional Shoppers,1710.82,33,43,0.4789267365345864,Medium,3.5657591754745313
311,2118,Churn Risk,1099.4,26,29,0.508365970456801,High,3.560304994878548
312,1036,Churn Risk,1026.42,25,217,0.5125902354771128,High,3.5547138838206718
313,2228,Premium Loyalists,5229.09,199,120,0.4146898973332831,Medium,3.550651106590875
314,1532,Occasional Shoppers,1726.65,81,53,0.4754473922524683,Medium,3.54423085003525
315,2150,Churn Risk,69.32,8,30,0.8318307783238303,High,3.537823093501558
316,2255,Churn Risk,524.72,20,43,0.5637689219342148,High,3.531881925264473
317,1099,Churn Risk,647.62,26,21,0.5452738626700752,High,3.530564849724582
318,326,Churn Risk,483.55,18,16,0.5690302141431325,High,3.518439356440727
319,2001,Churn Risk,746.06,26,121,0.5314368486496739,High,3.5160635164242673
320,1830,Churn Risk,39.440000000000005,1,552,0.949983823361026,High,3.514768573802049
321,1184,Churn Risk,665.82,12,452,0.5388009859921966,High,3.503564265251942
322,244,Churn Risk,1531.26,38,20,0.4754145242517587,Medium,3.486927375860159
323,1202,Churn Risk,382.64,18,14,0.5856464844063175,High,3.484423589777363
324,1799,Churn Risk,373.01,50,26,0.5878285273729142,High,3.482462278304817
325,2473,Churn Risk,330.68,9,18,0.5998394335820528,High,3.4815704343222675
326,1253,Churn Risk,560.68,23,28,0.5491506412973164,High,3.4766355285510335
327,565,Churn Risk,470.23,19,30,0.5644770711139739,High,3.474551849729487
328,213,Churn Risk,523.87,8,99,0.5534601398451132,High,3.4664042140763165
329,176,Churn Risk,788.29,23,10,0.5194557001508787,High,3.465358482608963
330,399,Churn Risk,959.14,15,95,0.504490307253705,High,3.4643748487079424
331,73,Occasional Shoppers,2748.86,160,106,0.4363946021670316,Medium,3.4559420772243556
332,2387,Churn Risk,632.6,25,20,0.5356057169873919,High,3.45541627804637
333,1608,Churn Risk,1037.89,30,32,0.4971544737908369,Medium,3.453189293646181
334,2103,Churn Risk,321.66,28,59,0.5976242540791978,High,3.452235750506396
335,171,Churn Risk,350.61,19,22,0.5861198436170161,High,3.436140833508958
336,1628,Churn Risk,161.1,11,402,0.6749120503529851,High,3.434096557825606
337,1629,Churn Risk,265.86,7,10,0.6144598473394471,High,3.4328176845056677
338,1811,Churn Risk,735.21,13,76,0.5190734609077003,High,3.4266714480510707
339,1250,Churn Risk,110.0,3,11,0.7266372272300555,High,3.4221199670377995
340,809,Churn Risk,554.27,53,28,0.541156174701473,High,3.4198118136449627
341,154,Churn Risk,846.17,29,49,0.5069626332340568,High,3.4178920780769544
342,455,Churn Risk,1070.75,24,56,0.4892634268898319,Medium,3.413614465661418
343,1444,Churn Risk,323.99,23,3,0.5869582600197041,High,3.3948459047464
344,848,Churn Risk,1943.17,22,27,0.4482695477826942,Medium,3.3945616874905724
345,579,Churn Risk,291.59,20,24,0.5927844721120135,High,3.366288047006969
346,2401,Churn Risk,602.0600000000001,53,20,0.5256022467012909,High,3.364914357924699
347,2026,Churn Risk,1015.19,15,77,0.4856985090800134,Medium,3.362886923064276
348,1932,Occasional Shoppers,2619.67,69,28,0.4252401003143413,Medium,3.347143621995083
349,1307,Occasional Shoppers,1754.95,140,49,0.4472496426756954,Medium,3.341297110932533
350,2353,Churn Risk,363.89,12,13,0.5656711385853483,High,3.3372311516107835
351,2321,Churn Risk,258.54,12,7,0.6000488440086184,High,3.3356180194741016
352,2127,Churn Risk,1331.25,22,25,0.4635748240992802,Medium,3.3352467968649457
353,1414,Churn Risk,118.41,7,80,0.695306804002577,High,3.325348559389476
354,659,Churn Risk,601.77,28,19,0.5194054536697955,High,3.3249925532801834
355,54,Churn Risk,103.09,11,126,0.7157316603143945,High,3.324756724711282
356,478,Churn Risk,255.89,18,65,0.5982769549394301,High,3.3196282161328985
357,1994,Churn Risk,855.57,33,34,0.4902074357346542,Medium,3.3103394610187853
358,234,Churn Risk,255.37,18,84,0.5967522871402705,High,3.309959193445392
359,571,Churn Risk,1114.16,16,16,0.4716211374666438,Medium,3.3092491119981857
360,1574,Occasional Shoppers,3292.41,26,21,0.4082148452901719,Medium,3.306409120549305
361,1789,Churn Risk,257.97,18,85,0.5949405486946514,High,3.3059134200053393
362,1544,Occasional Shoppers,2345.95,50,75,0.4244770139440864,Medium,3.2943117262474484
363,1682,Churn Risk,88.91,8,33,0.7319665116196564,High,3.2929776546049925
364,61,Churn Risk,167.55,9,146,0.642224529399308,High,3.2928344419788473
365,1855,Churn Risk,221.31,9,125,0.6092487753276397,High,3.292424737748722
366,566,Occasional Shoppers,1169.11,142,105,0.4651087746044398,Medium,3.2859251404118193
367,1725,Churn Risk,773.88,16,49,0.4936837410364465,Medium,3.284333861662125
368,2042,High-Value Deal Seekers,4342.2,27,55,0.3902613524307612,Medium,3.2689721900040265
369,1562,Churn Risk,975.93,37,35,0.4747218336544658,Medium,3.2681821131856204
370,2283,Churn Risk,1143.14,13,27,0.4631597945803232,Medium,3.2617604936979805
371,1386,Churn Risk,103.06,7,197,0.7020282931050038,High,3.2608987149728614
372,1156,Churn Risk,881.68,27,23,0.4806008785367621,Medium,3.259897849049669
373,186,Churn Risk,54.150000000000006,2,232,0.8121145944598966,High,3.256625607794932
374,1033,Churn Risk,1251.09,22,42,0.4564455635667717,Medium,3.25562967500886
375,760,Occasional Shoppers,1872.52,70,72,0.4320237287205125,Medium,3.2555469042780216
376,2176,Occasional Shoppers,2550.66,191,39,0.4148611940932949,Medium,3.254378390947953
377,382,Churn Risk,476.36,29,26,0.5259035081761961,High,3.2439153178993756
378,1626,Churn Risk,42.96,2,182,0.8558951404582227,High,3.2380910778615215
379,991,Churn Risk,1418.68,30,13,0.4458230777442749,Medium,3.2358671660204457
380,2054,Churn Risk,184.36,24,39,0.619008769277129,High,3.2326494215917303
381,704,Churn Risk,76.53,9,97,0.7429773574019705,High,3.2324455536077243
382,323,Churn Risk,73.46000000000001,9,66,0.7481057588405142,High,3.22453187551521
383,1251,Churn Risk,301.1,50,89,0.564326913067272,High,3.2227344832965663
384,501,Churn Risk,354.38,17,1,0.5481614111455182,High,3.2194548244000147
385,512,Churn Risk,856.19,21,394,0.4760695109814657,Medium,3.215211421984916
386,980,Churn Risk,1052.86,24,20,0.4604618828519413,Medium,3.204913654663952
387,2201,Churn Risk,27.51,2,549,0.9564661334438715,High,3.2044053530516465
388,2487,Churn Risk,545.58,24,58,0.5080326916490409,High,3.2024758646787843
389,1398,Churn Risk,317.39,14,15,0.5554173432300727,High,3.201024025433588
390,1654,Churn Risk,652.89,28,59,0.4936775454419046,Medium,3.2004814826704155
391,1432,Churn Risk,265.45,7,22,0.571355376637337,High,3.191126398428049
392,719,Churn Risk,618.86,21,0,0.4962557170499214,Medium,3.1906729796080135
393,238,Churn Risk,640.09,24,9,0.4936421301592731,Medium,3.1904929336586187
394,635,Churn Risk,311.88,31,182,0.5552175685802642,High,3.1901800602394355
395,11,Churn Risk,33.39,5,209,0.9005624547732971,High,3.1859790752745236
396,465,Churn Risk,315.97,40,38,0.5531282777755973,High,3.1853590710617405
397,1403,Occasional Shoppers,3647.88,149,29,0.3855645442568432,Medium,3.1624680779173007
398,1101,Churn Risk,184.7,14,116,0.6041448226371323,High,3.156132583529427
399,1043,Churn Risk,950.03,18,78,0.4598531852020112,Medium,3.153464190409906
400,108,Occasional Shoppers,2518.96,55,30,0.4014645757192627,Medium,3.1442698774997186
401,1342,Churn Risk,127.66,9,67,0.6466153579010858,High,3.140722829771089
402,277,Churn Risk,691.7,29,19,0.4794116162800479,Medium,3.1356381816171823
403,689,Churn Risk,28.96,3,234,0.9182390802931544,High,3.1218872199204535
404,634,Occasional Shoppers,1555.15,34,152,0.4247134552445011,Medium,3.121631197590592
405,1095,Churn Risk,555.92,29,180,0.4918811751636966,Medium,3.1098801679841914
406,943,Occasional Shoppers,3262.16,140,12,0.3838905993127193,Medium,3.105848209792483
407,2391,Occasional Shoppers,633.92,54,14,0.4808531716698657,Medium,3.1031854657419657
408,552,Churn Risk,1987.66,39,15,0.4070920600775937,Medium,3.091952260101071
409,1377,Churn Risk,729.45,32,91,0.468366000872728,Medium,3.088246531847645
410,1699,Churn Risk,745.83,21,2,0.4642658292322695,Medium,3.0715073211933404
411,1959,Premium Loyalists,5326.42,100,31,0.357555386619776,Medium,3.0680477408757008
412,452,Churn Risk,633.84,23,91,0.4752699357193601,Medium,3.067094170236382
413,1709,Occasional Shoppers,1812.72,78,39,0.4081609213739033,Medium,3.0624866024430135
414,773,Churn Risk,498.81,14,18,0.4911542629307887,Medium,3.0521445858940246
415,2433,Churn Risk,609.75,30,3,0.4756866404212598,Medium,3.0513812461870176
416,2180,Churn Risk,800.51,40,23,0.4562365453315136,Medium,3.05062449630727
417,48,Occasional Shoppers,924.0,45,46,0.4457942898091379,Medium,3.044683048757249
418,572,Occasional Shoppers,903.15,45,105,0.4465162782881656,Medium,3.0394341968891783
419,202,Churn Risk,753.88,34,20,0.4581430798006518,Medium,3.0359120553800145
420,2212,Churn Risk,241.5,44,157,0.5514391461894147,High,3.0279532948952053
421,531,Churn Risk,943.28,35,25,0.4408880242729927,Medium,3.020269343893927
422,195,Occasional Shoppers,3837.23,85,23,0.3649821599674039,Medium,3.0121125800381767
423,1448,Occasional Shoppers,1859.22,79,89,0.4000314889820712,Medium,3.011617078941376
424,103,Churn Risk,477.83,38,26,0.4866376655476533,Medium,3.00320922987408
425,1259,Occasional Shoppers,1035.63,29,25,0.4319346051723043,Medium,2.9992374254676926
426,1884,Churn Risk,473.63,24,43,0.4856611538958761,Medium,2.9929041276570314
427,532,Churn Risk,378.91,22,169,0.5036199007362371,High,2.9914691641264657
428,2373,Occasional Shoppers,2536.97,121,36,0.3815537726887203,Medium,2.991045744884087
429,267,Churn Risk,296.34000000000003,22,19,0.5245376064810042,High,2.9871767653457284
430,799,Occasional Shoppers,1874.75,58,15,0.3961260309726653,Medium,2.985508353616458
431,1255,Churn Risk,417.85,21,5,0.4941275898435192,Medium,2.983301678457439
432,1773,Occasional Shoppers,2873.6,79,35,0.373836348262198,Medium,2.977108867865261
433,299,Churn Risk,192.23,9,80,0.5648757041863337,High,2.973438593517746
434,3,Occasional Shoppers,2554.98,44,45,0.3783726236612865,Medium,2.9687838709140992
435,320,Churn Risk,377.55,14,78,0.50002596524623,High,2.968328221016457
436,1646,Occasional Shoppers,1538.12,66,50,0.4042909213760847,Medium,2.9670773679353935
437,43,Occasional Shoppers,838.69,95,50,0.4396397535689488,Medium,2.960108870457789
438,616,Churn Risk,458.2,9,16,0.4824078020203467,Medium,2.9569117940038616
439,1348,Churn Risk,294.8,22,40,0.5193257695552572,High,2.954799288273335
440,1433,Churn Risk,26.36,2,38,0.8858769697239508,High,2.9314396168970127
441,1576,Churn Risk,328.07,13,5,0.5050544801853436,High,2.9274323814069527
442,129,Churn Risk,449.1,37,22,0.4786777613955657,Medium,2.9244673177473297
443,1144,Churn Risk,164.38,21,119,0.5722034594648908,High,2.9229559507686322
444,2049,Churn Risk,723.62,25,7,0.4434204531737331,Medium,2.920210745467099
445,1876,Churn Risk,35.42,1,546,0.8118380888506218,High,2.918653786631603
446,2163,Churn Risk,258.56,10,31,0.5238421217059838,High,2.912032010706064
447,128,Churn Risk,654.92,22,0,0.4474670891483089,Medium,2.902288915491839
448,1262,Churn Risk,738.42,26,213,0.4383612950745179,Medium,2.8957560165348375
449,2404,Churn Risk,384.99,13,15,0.4860953283968326,Medium,2.8950921286817852
450,2031,Churn Risk,89.51,11,272,0.6416793195590204,High,2.8910607264514514
451,89,Churn Risk,163.36,10,94,0.5643032225608023,High,2.879108416663591
452,296,Churn Risk,72.02,6,242,0.6689870539146606,High,2.8704450804957338
453,2316,Occasional Shoppers,751.89,27,44,0.4331545142589151,Medium,2.8691804753209507
454,610,Churn Risk,555.13,22,53,0.4536614296139628,Medium,2.867594840146763
455,1235,Churn Risk,743.33,17,40,0.4327325290620635,Medium,2.8614371345265055
456,1416,Churn Risk,79.89,5,15,0.6509107822892295,High,2.8595097833249605
457,284,Churn Risk,502.74,18,186,0.4589977529453256,Medium,2.8559116789241834
458,1951,Churn Risk,351.86,13,19,0.4856741635385612,Medium,2.8489993096219037
459,1380,Churn Risk,324.65,23,10,0.4898417890071457,Medium,2.8341379798157043
460,628,Churn Risk,973.33,16,27,0.4087733720878544,Medium,2.813076175968561
461,839,Churn Risk,665.27,8,169,0.4321448799513878,Medium,2.809674202572449
462,2009,Occasional Shoppers,1506.88,33,305,0.3837607193688692,Medium,2.8085374626845545
463,1889,Occasional Shoppers,1600.27,39,31,0.3801547893198539,Medium,2.8049920115812146
464,327,Churn Risk,207.79,26,207,0.5250697210002667,High,2.804570107922168
465,1108,Churn Risk,281.05,21,11,0.4969716972909799,Medium,2.8039562407405216
466,763,Occasional Shoppers,2815.58,40,2,0.352315158868,Medium,2.798537483727911
467,190,Churn Risk,656.86,22,26,0.4306102643187652,Medium,2.7942266217433485
468,373,Churn Risk,69.63,8,58,0.6541791178835648,High,2.7851381454832262
469,814,Churn Risk,481.47,18,348,0.4506945552738294,Medium,2.784805034805391
470,1688,Churn Risk,814.4300000000001,33,91,0.4152003460902684,Medium,2.7833850295158227
471,2214,Churn Risk,259.59,10,3,0.4989878341119024,Medium,2.7758435189871626
472,2309,Churn Risk,156.21,8,5,0.5481172033894369,High,2.772147970989802
473,252,Churn Risk,77.79,8,172,0.6345689215755461,High,2.771026736873014
474,794,Churn Risk,1364.69,28,56,0.382744875817086,Medium,2.7631941261252346
475,124,Churn Risk,579.99,52,24,0.433855088636123,Medium,2.761372036311206
476,858,Churn Risk,455.74,33,16,0.449606714854302,Medium,2.7534429123563307
477,1507,Churn Risk,799.2,16,1,0.4109396979530018,Medium,2.747075046385714
478,226,Occasional Shoppers,1086.8,45,217,0.3928180334201051,Medium,2.7465493522662436
479,1596,Churn Risk,1477.36,18,24,0.3742417362386961,Medium,2.7314739104876553
480,1907,Premium Loyalists,6402.95,297,35,0.3111078593457352,Medium,2.726757804471417
481,1895,Churn Risk,790.53,42,35,0.4084590723281274,Medium,2.726042688705426
482,446,Churn Risk,179.94,26,56,0.5241303896660886,High,2.72451650099095
483,1670,Churn Risk,86.48,17,74,0.6078841579822908,High,2.718099421872521
484,1077,Churn Risk,820.44,22,1,0.4047425287248892,Medium,2.716250948669794
485,2352,Churn Risk,1182.27,35,21,0.3837516212924463,Medium,2.71544069841468
486,758,Churn Risk,289.33,14,55,0.4780894126780342,Medium,2.7112537639008187
487,1422,Churn Risk,306.67,7,8,0.4713115361714928,Medium,2.7001568837667254
488,2333,Churn Risk,68.09,10,26,0.6372674018816391,High,2.69908872819713
489,1372,Churn Risk,1207.36,24,25,0.3787139098341371,Medium,2.687739945200657
490,851,Churn Risk,163.4,20,248,0.5242394755422818,High,2.6748283775478816
491,2191,Churn Risk,639.26,13,12,0.4136477758138341,Medium,2.6729399499247317
492,617,Churn Risk,991.61,22,24,0.3871328451862913,Medium,2.671347419837721
493,1644,Churn Risk,159.13,11,0,0.5247926960603453,High,2.66384037040816
494,2350,Occasional Shoppers,1461.0,38,148,0.364947561475706,Medium,2.659577484787368
495,1286,Churn Risk,595.0,30,13,0.4158690484537148,Medium,2.657503305602699
496,2046,Churn Risk,611.61,44,77,0.4140608016204136,Medium,2.6573298147994833
497,2297,Churn Risk,602.84,37,17,0.4146816055265344,Medium,2.6553345655238076
498,340,Churn Risk,1050.57,28,28,0.3814758169378681,Medium,2.654323827150364
499,222,Premium Loyalists,5228.65,113,22,0.309852349819752,Medium,2.6529866907420394
500,1148,Churn Risk,409.29,23,20,0.4385461895079918,Medium,2.638672879424082
501,640,Occasional Shoppers,2141.76,88,148,0.3437547071958874,Medium,2.636547039841026
502,2242,Churn Risk,843.97,96,28,0.388708750081837,Medium,2.619625316245114
503,2132,Churn Risk,451.58,33,12,0.4273436243417265,Medium,2.6131911105667665
504,827,Churn Risk,277.53000000000003,18,32,0.4633543231752431,Medium,2.608465104574969
505,522,Churn Risk,29.340000000000003,2,130,0.7635603149140855,High,2.6056243572405666
506,1230,Churn Risk,228.54,17,7,0.4780725924861273,Medium,2.5988395707551466
507,977,Churn Risk,821.65,28,22,0.3865571500146005,Medium,2.594776789671154
508,1439,Churn Risk,482.14,29,91,0.4191082264376573,Medium,2.5902172821103706
509,2039,Churn Risk,1086.12,41,501,0.3704033084052076,Medium,2.5895959372684083
510,1897,Churn Risk,19.58,1,552,0.8549164756707781,High,2.585540765220213
511,2271,Churn Risk,345.65,44,32,0.441193137054459,Medium,2.5802367172497624
512,1497,Churn Risk,481.49,8,25,0.4168545802256986,Medium,2.575727858391253
513,2277,Occasional Shoppers,3549.4,119,55,0.3150020279053253,Medium,2.5750834766881656
514,1729,Occasional Shoppers,2712.76,78,28,0.3254253376198443,Medium,2.5728421396657617
515,2458,Churn Risk,716.65,40,106,0.391199415061221,Medium,2.5725203059919295
516,1999,Churn Risk,499.84,43,60,0.4122685276003667,Medium,2.562779360333643
517,1902,Churn Risk,1202.8,16,16,0.360794017087529,Medium,2.5591980122551363
518,506,Churn Risk,832.21,23,28,0.3788509743893354,Medium,2.5478810447480926
519,1460,Occasional Shoppers,2388.06,54,27,0.326982723865554,Medium,2.5434858856195657
520,1283,Churn Risk,270.96,40,19,0.4535346584271448,Medium,2.542358824169821
521,684,Occasional Shoppers,1895.62,98,21,0.3364721588543078,Medium,2.539634195003073
522,902,Churn Risk,135.23000000000002,10,15,0.5163465809939598,High,2.537505049477268
523,2060,Churn Risk,513.8199999999999,26,5,0.4061956752329666,Medium,2.53621159436218
524,240,Churn Risk,157.26,16,187,0.5007004606881802,High,2.5356669256008146
525,30,Churn Risk,492.96,24,10,0.4086343024511049,Medium,2.534535685356861
526,2091,Churn Risk,716.79,13,42,0.3849476567696318,Medium,2.5314839448061828
527,1060,Occasional Shoppers,5988.94,61,32,0.2909494347482295,Medium,2.530630663938869
528,2434,Churn Risk,703.39,20,35,0.385088845246127,Medium,2.525155477107645
529,1312,Premium Loyalists,4771.26,129,27,0.29807700875332,Medium,2.5248837377766393
530,1983,Churn Risk,1987.37,30,15,0.3322341094167291,Medium,2.523341479072554
531,1587,Occasional Shoppers,580.88,56,22,0.3960108165799778,Medium,2.5211095006048048
532,325,Occasional Shoppers,2152.46,59,12,0.328263432245668,Medium,2.51936640860947
533,1952,Churn Risk,262.15,13,11,0.45174724170254,Medium,2.5174627914495153
534,795,Occasional Shoppers,1115.54,37,52,0.3583527879567818,Medium,2.5149162453999026
535,892,Churn Risk,443.31,22,16,0.4119177649582552,Medium,2.5112659292217394
536,1292,Churn Risk,493.46,25,23,0.4046297285567207,Medium,2.51010686808667
537,639,Occasional Shoppers,759.83,78,1,0.3779854943177281,Medium,2.5077107216716055
538,2386,Occasional Shoppers,822.01,39,25,0.373500659279019,Medium,2.5072981049191085
539,278,Occasional Shoppers,1826.57,63,32,0.3330925360869127,Medium,2.5017722654167085
540,1731,Occasional Shoppers,2148.94,49,38,0.3258159494833438,Medium,2.5000493841408162
541,1210,Churn Risk,703.19,31,20,0.3803383514947693,Medium,2.4938969053831954
542,44,Churn Risk,819.58,30,83,0.3712748236003192,Medium,2.491258301601676
543,2362,Churn Risk,478.09,39,32,0.4027273075101759,Medium,2.4855880262602894
544,2384,Churn Risk,791.27,18,178,0.3722230116055426,Medium,2.48455221499097
545,429,Churn Risk,501.49,40,13,0.3991547927139338,Medium,2.482573464964036
546,1381,Churn Risk,104.71,39,92,0.5318910161131257,High,2.478984190608661
547,1697,Churn Risk,809.1800000000001,34,43,0.3696307075621804,Medium,2.475511638565021
548,723,Churn Risk,759.15,18,11,0.3730517324201259,Medium,2.474644554595971
549,2439,Churn Risk,579.05,67,28,0.3875438926426156,Medium,2.4659860877567357
550,629,Churn Risk,372.5,26,106,0.4160908364051445,Medium,2.464471906481816
551,1281,Churn Risk,348.72,21,13,0.4187353797573461,Medium,2.4525887416651453
552,1329,Churn Risk,1398.83,26,16,0.3379355922339101,Medium,2.448041278234791
553,836,Occasional Shoppers,1449.57,66,68,0.3359151570613634,Medium,2.4453655533568734
554,801,Churn Risk,1269.25,21,20,0.3420284076778351,Medium,2.444466430375201
555,1606,Churn Risk,933.15,16,17,0.3559905515785099,Medium,2.4348461570930304
556,1652,Churn Risk,644.34,24,3,0.3760256051354115,Medium,2.4328019279688773
557,1992,Churn Risk,494.38,28,16,0.3919689638452038,Medium,2.432294867338968
558,2348,Churn Risk,169.97,54,357,0.4727304455736169,Medium,2.4305379616133744
559,1068,Churn Risk,796.22,94,21,0.3635772027865898,Medium,2.429106802570412
560,837,Churn Risk,718.87,33,22,0.3685154911877161,Medium,2.424489448514454
561,1779,Occasional Shoppers,3371.98,103,24,0.2976907154934017,Medium,2.4183059791271617
562,1155,Churn Risk,1335.29,28,15,0.3346573982703233,Medium,2.40874762463655
563,2210,Occasional Shoppers,1715.18,33,56,0.3229011517427234,Medium,2.4049213351946808
564,1551,Churn Risk,772.96,17,436,0.361131891028627,Medium,2.4020760653931936
565,391,Occasional Shoppers,1412.64,49,8,0.330901029895127,Medium,2.40033066333609
566,341,Churn Risk,392.81,29,39,0.4013068012455316,Medium,2.3981566962700365
567,169,Churn Risk,247.53,23,14,0.4332321227864318,Medium,2.38951931058703
568,1862,Occasional Shoppers,2130.0,137,24,0.3117182856850434,Medium,2.389116993053717
569,2066,Occasional Shoppers,2137.64,111,45,0.3099586215745429,Medium,2.3767395848322557
570,2327,Occasional Shoppers,1237.74,41,55,0.3319479606136976,Medium,2.364083587597954
571,241,Churn Risk,198.23,15,17,0.4454259346619325,Medium,2.358289765621275
572,1496,Churn Risk,699.69,11,141,0.3598978131160547,Medium,2.3580740678160774
573,157,Occasional Shoppers,2382.05,156,18,0.3025136519585174,Medium,2.35238743828969
574,1177,Churn Risk,224.87,12,7,0.4338115932052805,Medium,2.3512413146199753
575,318,Occasional Shoppers,1080.18,85,40,0.3338507937357057,Medium,2.332217651270891
576,177,Churn Risk,991.52,47,19,0.3376310590627654,Medium,2.3297377576045846
577,2382,Churn Risk,822.64,36,19,0.3463777571561904,Medium,2.3254879661589802
578,357,Churn Risk,1078.24,17,24,0.3328658577858697,Medium,2.32473926789408
579,96,Occasional Shoppers,1155.0,57,216,0.3289093527667647,Medium,2.319705915547541
580,1781,Occasional Shoppers,2983.71,86,24,0.2898816803274969,Medium,2.3194180757060687
581,120,Churn Risk,226.21,17,143,0.4270956850755537,Medium,2.317367672114774
582,1958,Churn Risk,693.3,28,43,0.3526875367952924,Medium,2.307600745950154
583,2490,Churn Risk,514.71,25,33,0.3678533425282816,Medium,2.2974444540721364
584,2332,Churn Risk,253.28,10,0,0.4145859499105474,Medium,2.2961577592279414
585,1316,Occasional Shoppers,3105.72,50,20,0.2855322968314867,Medium,2.296057364720231
586,686,Churn Risk,521.99,20,22,0.3666118596709726,Medium,2.294829791448783
587,1678,Occasional Shoppers,2444.73,75,24,0.2933974099522711,Medium,2.289115617036791
588,1456,Occasional Shoppers,1494.12,66,76,0.3129710947677109,Medium,2.287806731658308
589,657,Churn Risk,108.86,18,44,0.4868001125550483,Medium,2.2875744127482176
590,1636,Churn Risk,16.3,3,474,0.801349026987722,High,2.28441088120759
591,395,Churn Risk,811.59,62,18,0.3401434294096002,Medium,2.279038079838582
592,1334,Churn Risk,384.24,46,15,0.3821845227038584,Medium,2.2754756329246693
593,861,Occasional Shoppers,1229.95,29,75,0.3192465629368373,Medium,2.271612169855516
594,549,Occasional Shoppers,2070.45,87,42,0.297366849981772,Medium,2.270694492839594
595,881,Occasional Shoppers,3897.74,131,33,0.2744227736105542,Medium,2.2690396496212775
596,539,Churn Risk,732.29,34,5,0.3437011943515144,Medium,2.2675828101659907
597,1595,Premium Loyalists,4966.28,123,11,0.2662094301626548,Medium,2.265609346503188
598,1030,Churn Risk,1137.42,28,35,0.3217210915291211,Medium,2.2640789205457117
599,516,Churn Risk,282.38,15,1,0.4001692647666952,Medium,2.259671303635309
600,688,Occasional Shoppers,2870.63,26,55,0.2835613045463337,Medium,2.2578951942530385
601,2145,Occasional Shoppers,1041.54,33,30,0.3233317596669104,Medium,2.246966684796511
602,1647,Churn Risk,35.59,7,80,0.6237987124358428,High,2.245534996978373
603,1107,Churn Risk,635.4,17,6,0.3474489803204972,Medium,2.243070611281521
604,1721,Churn Risk,292.85,11,11,0.393413265980954,Medium,2.2357949064561358
605,1814,Occasional Shoppers,3351.19,45,28,0.2751784679811235,Medium,2.2337252046905234
606,550,Churn Risk,477.26,25,56,0.3614081315027354,Medium,2.2299440153135124
607,2192,Churn Risk,479.6,27,0,0.3604895462925052,Medium,2.226035682037464
608,1938,Churn Risk,824.77,24,1,0.331195904191538,Medium,2.2244164446426717
609,749,Occasional Shoppers,1019.43,72,64,0.3206076564894458,Medium,2.22116323517531
610,838,Churn Risk,333.33,28,13,0.3820782191717978,Medium,2.220687718016911
611,1539,Churn Risk,52.16,6,14,0.5575021158720714,High,2.215126632376304
612,2232,Churn Risk,919.72,30,14,0.3243423923677345,Medium,2.2136874164555524
613,1728,Churn Risk,1009.61,16,12,0.3196461167381004,Medium,2.2114107302415853
614,1926,Churn Risk,1751.87,59,17,0.2943644016122502,Medium,2.1986105779194913
615,2461,Churn Risk,749.27,16,12,0.3318323555892957,Medium,2.196873924446985
616,2423,Occasional Shoppers,2432.65,51,28,0.2816863798851894,Medium,2.1963502434067093
617,994,Churn Risk,436.89,17,30,0.3611099784788167,Medium,2.1962592387189823
618,229,Churn Risk,991.13,39,16,0.3181713192214375,Medium,2.195335696413821
619,2160,Churn Risk,642.14,45,13,0.33702294553142,Medium,2.179312513009219
620,1106,Churn Risk,432.83,23,4,0.3587277265750621,Medium,2.178428916110511
621,1301,Occasional Shoppers,1462.88,78,43,0.2985780562144414,Medium,2.1762893883035295
622,2494,High-Value Deal Seekers,1569.24,27,30,0.2956311495833606,Medium,2.1755448266355555
623,2218,Churn Risk,664.26,15,19,0.3343486047020826,Medium,2.1733254251185374
624,182,Churn Risk,1047.56,32,21,0.3121585544976973,Medium,2.171116772846159
625,1396,Premium Loyalists,7177.06,229,1,0.2445129994979799,Medium,2.1709782130089996
626,782,Churn Risk,1484.87,65,15,0.2967813589102333,Medium,2.167618553153525
627,21,Churn Risk,789.07,25,17,0.3245029807833144,Medium,2.1651233308414595
628,1487,Churn Risk,797.94,25,12,0.3227669276621462,Medium,2.1571436401952093
629,1730,Occasional Shoppers,3097.05,150,10,0.2677643018424361,Medium,2.152430880681183
630,175,Churn Risk,1067.16,48,14,0.308632574978791,Medium,2.152308772466652
631,1885,Churn Risk,162.39,8,10,0.4223381103263684,Medium,2.1522941295522426
632,2099,Occasional Shoppers,626.75,45,29,0.3333687920694021,Medium,2.147609096225391
633,1089,Occasional Shoppers,1712.54,81,18,0.287923726872952,Medium,2.1439712514430043
634,268,Churn Risk,718.38,27,64,0.3257861394963646,Medium,2.1431481942163746
635,191,Churn Risk,374.72,20,6,0.3610244435094195,Medium,2.1404576725892857
636,802,Occasional Shoppers,2003.13,54,27,0.2806849719996487,Medium,2.1340381108664674
637,2165,Churn Risk,93.17,8,4,0.4693179299065742,Medium,2.133097702061787
638,765,Churn Risk,1182.68,25,9,0.3007830763877906,Medium,2.128456401429797
639,233,Churn Risk,158.47,8,1,0.4196279112612505,Medium,2.1282922626051723
640,1767,Premium Loyalists,8018.42,451,20,0.236695604871627,Medium,2.1278038698795885
641,1570,Occasional Shoppers,2343.67,49,13,0.2739433888190166,Medium,2.125773288112236
642,995,Occasional Shoppers,1172.79,19,139,0.3001261153165037,Medium,2.1212893148126692
643,2483,Occasional Shoppers,788.29,56,0,0.3177995318741362,Medium,2.1200832009915764
644,547,Occasional Shoppers,1472.2,53,18,0.2900795272612693,Medium,2.116185900180436
645,1868,Churn Risk,516.23,32,73,0.3385095235794366,Medium,2.115172577444704
646,1220,Churn Risk,737.9300000000001,29,22,0.3200133093593378,Medium,2.113752933059167
647,29,Occasional Shoppers,1216.82,59,43,0.2968275889126118,Medium,2.1089058939295464
648,1466,Churn Risk,1007.54,35,37,0.3045294214500432,Medium,2.1062043577988647
649,1276,Churn Risk,582.11,17,70,0.3287805010699858,Medium,2.09379780224105
650,2444,Churn Risk,13.86,2,591,0.773585020066033,High,2.0876530372505178
651,502,Occasional Shoppers,2067.85,48,123,0.2731154546411922,Medium,2.0851677192482043
652,1522,Churn Risk,1018.86,33,20,0.3005002610951675,Medium,2.0816917116238427
653,2286,Occasional Shoppers,945.53,24,18,0.3035891841233397,Medium,2.0804367702891606
654,1601,Occasional Shoppers,1269.51,20,144,0.290560096105231,Medium,2.076683469495418
655,1827,Churn Risk,514.66,31,10,0.3320666479987089,Medium,2.073904860932109
656,1883,Occasional Shoppers,2294.59,117,19,0.2679619556991406,Medium,2.0736892904279256
657,479,Occasional Shoppers,1660.3,163,71,0.2784687869241086,Medium,2.064945108448336
658,1223,Occasional Shoppers,1322.89,41,29,0.2869491497026439,Medium,2.062685081272908
659,966,Churn Risk,191.09,15,16,0.392146047307174,Medium,2.061889804267137
660,770,Occasional Shoppers,1795.1,36,22,0.2749065998459624,Medium,2.0599776726292336
661,1874,Churn Risk,730.0,31,11,0.3120098397099773,Medium,2.0575218865578453
662,420,Occasional Shoppers,1907.09,89,64,0.271947647323024,Medium,2.0542539169434484
663,1793,Occasional Shoppers,1692.68,56,31,0.276065230247584,Medium,2.0524508363239096
664,1521,Churn Risk,634.27,40,45,0.3175906942773437,Medium,2.049746253866022
665,141,Churn Risk,373.58,45,36,0.3445331994624985,Medium,2.0416366932690324
666,2167,Occasional Shoppers,1690.32,70,48,0.2738174815611501,Medium,2.0353577838239847
667,2313,Churn Risk,84.72,9,11,0.456167497882961,Medium,2.030440841306505
668,456,Occasional Shoppers,5558.14,85,17,0.235436051594523,Medium,2.0302118538127742
669,260,Churn Risk,357.12,27,13,0.3442272003031715,Medium,2.024354770284574
670,1143,Churn Risk,136.17,10,4,0.4103819484827741,Medium,2.019580276227785
671,1573,Churn Risk,334.29,94,16,0.347228566887943,Medium,2.019132668159308
672,627,Churn Risk,1548.56,41,15,0.2745721681534374,Medium,2.0169319964811105
673,780,Churn Risk,534.6800000000001,63,184,0.3207315580352912,Medium,2.015328601674426
674,2323,Churn Risk,589.02,25,16,0.3157883557248145,Medium,2.014779109759002
675,185,Occasional Shoppers,1599.17,57,28,0.2727599652931357,Medium,2.0123862429561763
676,2239,Occasional Shoppers,1505.12,38,23,0.2746766841785596,Medium,2.0098895274749444
677,834,Occasional Shoppers,910.63,26,27,0.2944200140104824,Medium,2.0065413504154517
678,1373,Churn Risk,515.26,31,11,0.3211773218545464,Medium,2.0062696357308756
679,587,Churn Risk,176.83,20,10,0.3861692317653628,Medium,2.00067638324852
680,2251,Occasional Shoppers,1682.5,22,18,0.2692024970279597,Medium,1.9998058097288318
681,447,Occasional Shoppers,1289.21,119,58,0.2791948326004534,Medium,1.999749816914679
682,2410,Occasional Shoppers,2203.42,54,17,0.2597049897978638,Medium,1.9992660724760547
683,194,Occasional Shoppers,1494.81,58,25,0.2733366843533322,Medium,1.9982068237072237
684,17,Occasional Shoppers,4870.44,118,11,0.2347311206610475,Medium,1.9931359487428555
685,2474,Churn Risk,471.83,45,14,0.3198760136087606,Medium,1.9700318936329757
686,258,Premium Loyalists,2153.42,192,33,0.2560575783269606,Medium,1.9653127967425799
687,2213,Occasional Shoppers,3389.3,48,21,0.2411848093892716,Medium,1.9605126150008585
688,1464,Occasional Shoppers,2257.5,70,42,0.2535897669221584,Medium,1.958335856437042
689,2411,Occasional Shoppers,1965.38,74,37,0.2580021097828626,Medium,1.9566749890022996
690,369,Occasional Shoppers,938.32,28,17,0.2842801647216804,Medium,1.9459421347042911
691,1586,Occasional Shoppers,1907.83,64,39,0.2572136195564762,Medium,1.9430548969809525
692,2048,Churn Risk,1097.41,32,13,0.2771906536435655,Medium,1.9407833356874833
693,693,Premium Loyalists,5942.7300000000005,202,30,0.2228963990544252,Medium,1.936990250229145
694,1891,Churn Risk,1164.32,31,15,0.274329621426614,Medium,1.9369731505717218
695,1904,Churn Risk,294.3,25,10,0.3404103517580848,Medium,1.9362512856054437
696,1589,Churn Risk,321.61,16,11,0.3350859746273586,Medium,1.935605422356916
697,1112,Churn Risk,1760.14,49,11,0.2584901210402104,Medium,1.9318819100069844
698,2435,Occasional Shoppers,2699.5,37,0,0.2432582427743664,Medium,1.9220301352677092
699,884,Occasional Shoppers,611.5,65,31,0.2993135260266842,Medium,1.9208592024042137
700,417,Occasional Shoppers,2456.06,72,9,0.2460014748187281,Medium,1.9204648283908985
701,1525,Churn Risk,983.51,23,12,0.2782598033751086,Medium,1.9178066497074266
702,168,Churn Risk,492.69,34,28,0.309227479772454,Medium,1.917800315634598
703,436,Occasional Shoppers,2013.75,26,36,0.251991709371316,Medium,1.917216022916586
704,2016,Occasional Shoppers,1585.96,116,59,0.259879655661818,Medium,1.915202747321076
705,349,Churn Risk,306.62,19,13,0.3342811982207633,Medium,1.9150519418946093
706,2346,Occasional Shoppers,1028.08,27,18,0.2758445815939024,Medium,1.9133740045673249
707,897,Churn Risk,607.65,50,7,0.2980796958319786,Medium,1.9110614795529421
708,494,Churn Risk,8.17,1,527,0.8608792215472728,High,1.9076543660002934
709,1065,Occasional Shoppers,4525.74,44,26,0.226394664289799,Medium,1.9057353408608675
710,903,Occasional Shoppers,2605.61,66,30,0.2420055500271989,Medium,1.903568660368254
711,1483,Occasional Shoppers,4046.16,104,22,0.2289288346985609,Medium,1.9014304029434794
712,1569,Occasional Shoppers,1216.22,97,46,0.2676386226518654,Medium,1.9013917174688333
713,607,Premium Loyalists,3181.44,210,23,0.2351368203016315,Medium,1.896473328066993
714,1257,Occasional Shoppers,1123.39,23,35,0.2697003121550263,Medium,1.8946435993515665
715,2216,Churn Risk,394.57,29,6,0.3164498820113,Medium,1.892474014894388
716,167,Churn Risk,946.56,15,14,0.2761115130116605,Medium,1.8924380095636457
717,1632,Premium Loyalists,2023.89,60,25,0.2485544241222039,Medium,1.8923121038563826
718,189,Churn Risk,730.6,33,11,0.2840826990969414,Medium,1.873591852179759
719,1882,Churn Risk,344.91,22,1,0.3201798538837752,Medium,1.871828618127814
720,482,Occasional Shoppers,1318.8,53,76,0.2603255706284001,Medium,1.8705005287601637
721,2259,Churn Risk,6.99,1,525,0.8987380168166701,High,1.8677490420097733
722,364,Occasional Shoppers,2364.84,79,29,0.2403518476185198,Medium,1.8672666851047486
723,2166,Churn Risk,84.21,30,114,0.4197524007541954,Medium,1.865849287030886
724,2164,Occasional Shoppers,1596.48,40,221,0.252240882881541,Medium,1.8605748281216052
725,1559,Churn Risk,1833.53,39,25,0.2468195405426622,Medium,1.8547361979725363
726,865,Churn Risk,1419.28,25,12,0.2552487015125855,Medium,1.8527506022509683
727,1780,Churn Risk,1373.5,42,14,0.2558444457536045,Medium,1.8486923878255617
728,1518,Occasional Shoppers,1142.26,30,62,0.2625029803843433,Medium,1.8484512530328998
729,945,Churn Risk,1424.62,40,11,0.2544863880146174,Medium,1.8481722956692481
730,1800,Occasional Shoppers,3192.02,72,13,0.2286870217829902,Medium,1.845212108146966
731,453,Churn Risk,731.27,32,19,0.2790430293288333,Medium,1.840609482133859
732,368,Occasional Shoppers,1112.43,48,38,0.2623464818107087,Medium,1.8404132018220183
733,1408,Occasional Shoppers,1036.77,54,24,0.2645451172505138,Medium,1.837220723572035
734,1875,Churn Risk,543.8,28,1,0.2915128417589712,Medium,1.8366529754935577
735,1617,Premium Loyalists,3897.57,100,30,0.2219398564489302,Medium,1.8350797629646072
736,1209,Churn Risk,224.66,12,2,0.3379960424698567,Medium,1.8316105053257186
737,1173,Churn Risk,624.67,40,16,0.2836852299056213,Medium,1.8265990045103582
738,734,Occasional Shoppers,1117.46,68,21,0.2600494724524423,Medium,1.825471366879479
739,1335,Churn Risk,751.4300000000001,26,15,0.2755711149591742,Medium,1.8251923617464152
740,1666,Occasional Shoppers,1062.51,80,24,0.2616443559740223,Medium,1.8234858692349711
741,1302,Churn Risk,629.84,31,24,0.2825103828486266,Medium,1.8213592035227197
742,245,Occasional Shoppers,924.49,40,22,0.2664699967518074,Medium,1.8200762347554582
743,477,Churn Risk,642.48,56,29,0.2799705486654704,Medium,1.8105390064575575
744,1980,Occasional Shoppers,4069.2,50,14,0.2174787342359075,Medium,1.8075630639780194
745,33,Churn Risk,1017.79,43,14,0.2606466665937587,Medium,1.8053354938677197
746,2355,Churn Risk,104.25,15,16,0.3870376744188367,Medium,1.8021784137275447
747,1866,Churn Risk,143.0,13,14,0.3621387199019115,Medium,1.7997618264599478
748,1880,Churn Risk,504.53,26,9,0.2883917978007163,Medium,1.7954141058387287
749,2320,Churn Risk,344.42,22,17,0.306750454997213,Medium,1.79288311693316
750,756,Churn Risk,682.79,23,7,0.2745752454887052,Medium,1.7923313354103247
751,2287,Churn Risk,503.81,27,7,0.2874662208474437,Medium,1.7892421121488353
752,1100,Churn Risk,249.73,20,12,0.3227278973479868,Medium,1.7828704645899285
753,1615,Occasional Shoppers,854.41,40,32,0.2640326895465513,Medium,1.7826380600643614
754,904,Churn Risk,654.79,24,0,0.2747270385269891,Medium,1.7818357847211104
755,813,Churn Risk,1661.62,27,15,0.2402570328037415,Medium,1.7817821819050133
756,812,Occasional Shoppers,1029.91,89,29,0.2560599296085111,Medium,1.7765942831383517
757,912,Churn Risk,1164.11,20,5,0.2511850208345057,Medium,1.773509619016171
758,528,Churn Risk,265.96,13,9,0.3153917824223495,Medium,1.7621250599648464
759,424,Churn Risk,2072.15,19,12,0.2306031162159423,Medium,1.7610755204805622
760,1503,Churn Risk,93.69,13,2,0.3863786881088142,Medium,1.7582581029144186
761,1664,Churn Risk,1515.72,29,11,0.2387162939809116,Medium,1.7484310380869406
762,1399,Churn Risk,731.35,24,0,0.2647908228991565,Medium,1.7466287273293633
763,100,Occasional Shoppers,2041.5,29,4,0.2285766426600169,Medium,1.7421951303851382
764,544,Occasional Shoppers,1536.93,118,21,0.2373696145097134,Medium,1.7418639570571512
765,445,Occasional Shoppers,2655.6,228,30,0.2208789580566798,Medium,1.7415869360985234
766,427,Churn Risk,706.18,40,3,0.2653455969647214,Medium,1.741008146311135
767,94,Churn Risk,343.89,29,0,0.2969296106789464,Medium,1.7350266804290113
768,1252,Churn Risk,710.78,33,22,0.2636168914560486,Medium,1.731374814603209
769,1140,Churn Risk,948.97,19,0,0.2520230945180145,Medium,1.7279788080529523
770,199,Churn Risk,463.2,47,2,0.2802797662548453,Medium,1.7210061913445747
771,1893,Churn Risk,243.73,11,1,0.3123865209159258,Medium,1.718174460520464
772,1313,Churn Risk,831.51,21,5,0.2551451508102131,Medium,1.715709593291508
773,658,Churn Risk,944.78,41,21,0.2502258391789967,Medium,1.7145499482758602
774,1635,Churn Risk,116.7,18,15,0.3593564103536659,Medium,1.71346132023398
775,665,Churn Risk,599.14,32,6,0.2674485163173999,Medium,1.7109117426487317
776,1085,Premium Loyalists,4313.39,95,15,0.2042424146759955,Medium,1.7094500309800662
777,987,Occasional Shoppers,2185.37,71,37,0.2216048347067227,Medium,1.7041407164794706
778,1244,Churn Risk,594.62,32,13,0.2666380355382398,Medium,1.703711159747267
779,1713,Churn Risk,1312.14,29,1,0.2367495754710029,Medium,1.6999037369190169
780,1963,High-Value Deal Seekers,2074.04,43,21,0.2209639474282716,Medium,1.68766423180431
781,2419,Occasional Shoppers,1091.13,62,17,0.2405973317098863,Medium,1.6831913113079857
782,507,Occasional Shoppers,1315.36,60,25,0.2339746112166749,Medium,1.6805520394594968
783,1838,Churn Risk,1107.34,31,14,0.2389339256914536,Medium,1.6750746426047558
784,1553,Churn Risk,77.47,12,1,0.3835716205337435,Medium,1.6734141941605996
785,1449,Churn Risk,405.04,38,7,0.2784459001339849,Medium,1.6724718437902226
786,1086,Churn Risk,1025.67,25,11,0.2404304613622089,Medium,1.6671630519005807
787,561,Churn Risk,955.19,20,15,0.2428135108441856,Medium,1.6664185960621933
788,106,Churn Risk,1008.42,36,12,0.2408046477967254,Medium,1.6656773393601985
789,1092,Churn Risk,771.45,37,0,0.2503960387851867,Medium,1.6650253069877994
790,1611,Churn Risk,421.71,33,7,0.2750884428298217,Medium,1.6633735363547648
791,1743,Churn Risk,1132.89,37,11,0.2353744951552508,Medium,1.6554852050618158
792,1457,Churn Risk,1763.23,26,11,0.2211236308276229,Medium,1.653002983090808
793,1231,Churn Risk,1500.5,44,14,0.2243985790909809,Medium,1.6413005498968019
794,664,Churn Risk,846.23,28,13,0.2431224710749789,Medium,1.6391249422586585
795,529,Occasional Shoppers,1781.02,55,102,0.2174614184683531,Medium,1.6278080636460526
796,1127,Occasional Shoppers,1238.19,20,42,0.2284290210909949,Medium,1.6269201936969377
797,708,Occasional Shoppers,2257.11,58,18,0.2103072104657621,Medium,1.6240518927303798
798,1168,Churn Risk,718.94,53,2,0.2460449334031009,Medium,1.6187709217024757
799,662,Occasional Shoppers,1248.57,34,11,0.2268817559679491,Medium,1.6177927874961573
800,146,Churn Risk,791.75,39,15,0.2420767810822353,Medium,1.615985467769329
801,2074,Churn Risk,669.72,28,22,0.2480341651831966,Medium,1.6142935960689022
802,2044,Occasional Shoppers,985.45,45,42,0.2341097824604807,Medium,1.6139792103946327
803,1438,Occasional Shoppers,1796.58,37,46,0.214452100188834,Medium,1.6071461989964901
804,826,Churn Risk,138.39,19,3,0.3247558115504043,Medium,1.6034089962030855
805,63,Churn Risk,514.98,29,6,0.2566409055834041,Medium,1.602996549149111
806,905,Churn Risk,767.95,28,17,0.2408172508704622,Medium,1.6002368807327776
807,435,Churn Risk,835.58,60,8,0.2377290867642817,Medium,1.5997556098410193
808,1860,Occasional Shoppers,726.11,56,17,0.2424437694951005,Medium,1.5974808527407622
809,1784,Occasional Shoppers,1673.06,36,31,0.2149689619490235,Medium,1.5957161292581745
810,385,Occasional Shoppers,2632.18,34,6,0.2025632211057384,Medium,1.5953772989602955
811,2431,Churn Risk,897.4,37,14,0.2345862073739837,Medium,1.595330575298385
812,466,Churn Risk,261.83,12,8,0.2859738770051442,Medium,1.5933055820489928
813,1552,Churn Risk,772.09,30,9,0.2394559210876889,Medium,1.5924765731788548
814,1739,Churn Risk,647.55,28,15,0.2452310481299013,Medium,1.5878070562988036
815,585,Churn Risk,730.29,38,13,0.2400722143133064,Medium,1.5832306631797413
816,1718,Churn Risk,674.91,26,10,0.2422647062558061,Medium,1.5786113451495096
817,713,Churn Risk,338.92,19,8,0.2707798160608487,Medium,1.5782971017704743
818,1213,Churn Risk,599.22,42,5,0.2455963421391481,Medium,1.5711525597291476
819,1519,Occasional Shoppers,1604.27,21,1,0.2121625846396471,Medium,1.5659820609982558
820,1933,Occasional Shoppers,2064.4700000000003,79,13,0.2045219599487802,Medium,1.561139248123755
821,270,Churn Risk,692.2,28,5,0.2382708839478968,Medium,1.558605754961664
822,2456,Occasional Shoppers,1140.09,70,19,0.2211807490257382,Medium,1.5570547947155318
823,2005,Churn Risk,1255.06,47,11,0.2173775204284795,Medium,1.5511484060782825
824,938,Occasional Shoppers,1640.74,25,27,0.2090711141162879,Medium,1.547860488412766
825,1407,Churn Risk,1098.47,27,16,0.2203395708375205,Medium,1.542946248540672
826,772,Churn Risk,230.06,38,19,0.2817916353834428,Medium,1.5337009702164248
827,2253,Churn Risk,376.36,24,15,0.2572491201720873,Medium,1.5263103869319237
828,281,Occasional Shoppers,1354.34,74,20,0.2103579072400203,Medium,1.5170607592753076
829,750,Churn Risk,419.89,35,2,0.248979901024558,Medium,1.5044290622268357
830,407,Churn Risk,582.18,43,12,0.2362088977752045,Medium,1.5042953938487496
831,1002,Churn Risk,607.22,22,23,0.2329299796947114,Medium,1.49320617372511
832,592,Churn Risk,552.68,29,4,0.2359765234241298,Medium,1.4905662171662735
833,82,Churn Risk,495.88,41,15,0.2400390405205617,Medium,1.4902460287394035
834,2256,Churn Risk,1213.67,27,3,0.2087241621987532,Medium,1.482406529337952
835,2081,Occasional Shoppers,896.35,32,36,0.2174541959167463,Medium,1.4785680572763351
836,810,Churn Risk,478.35,32,1,0.239472758638904,Medium,1.4781290837535168
837,1741,Churn Risk,153.20000000000002,14,11,0.2933490774408898,Medium,1.477966124688397
838,2390,Occasional Shoppers,1043.83,46,26,0.212566444594966,Medium,1.4776789096203216
839,716,Occasional Shoppers,1123.98,68,36,0.2096300035822541,Medium,1.47275989527619
840,2485,Occasional Shoppers,1323.34,73,14,0.2038707854391869,Medium,1.4655596974546719
841,1465,Churn Risk,923.38,51,14,0.2141114504044594,Medium,1.4621934824447516
842,2104,Churn Risk,451.39,28,10,0.2389901076650431,Medium,1.4613156817563013
843,1049,Churn Risk,608.27,50,20,0.2272984161096227,Medium,1.4574968869978269
844,1698,Churn Risk,1069.77,27,5,0.2088568843046042,Medium,1.4570134644491792
845,1207,Occasional Shoppers,666.16,96,7,0.2223093706512831,Medium,1.445684483775005
846,116,Occasional Shoppers,577.5600000000001,71,6,0.2272144070891839,Medium,1.445206837863491
847,2278,Occasional Shoppers,1022.1,42,16,0.2084483369908399,Medium,1.4446704836720223
848,1565,Churn Risk,372.9,29,7,0.243570322129779,Medium,1.4429077584926842
849,439,Churn Risk,511.43,34,2,0.229964863011885,Medium,1.4347885213177558
850,2290,Churn Risk,896.94,65,6,0.2103962760006267,Medium,1.4307164004144177
851,2442,Churn Risk,517.73,31,3,0.2286388767159365,Medium,1.4293093051524715
852,1114,Churn Risk,564.87,31,3,0.2253810085518528,Medium,1.4285469542444433
853,1898,Churn Risk,504.09,37,9,0.2288434925465291,Medium,1.4244904708702963
854,1744,Occasional Shoppers,914.51,49,4,0.2084133075424076,Medium,1.4212706507571888
855,107,Churn Risk,1217.39,40,10,0.2000091053109341,Medium,1.4211218146470184
856,431,Churn Risk,514.46,33,1,0.2275158569506657,Medium,1.4208501106909102
857,1471,Churn Risk,391.96,29,8,0.2374509660807295,Medium,1.4184626942534346
858,1273,Churn Risk,168.82,12,2,0.2750473021232738,Medium,1.4122961235167282
859,1498,Churn Risk,919.48,25,8,0.2059587012632411,Medium,1.405646566708395
860,225,Churn Risk,672.57,41,15,0.215763145057577,Medium,1.4051773162403032
861,557,Churn Risk,682.32,27,15,0.2148762251596822,Medium,1.4024892294453162
862,959,Churn Risk,757.4300000000001,43,2,0.2109524097613874,Medium,1.3988782742084878
863,2248,Churn Risk,657.44,20,8,0.215445196719816,Medium,1.3982120515347436
864,729,Occasional Shoppers,961.5,24,24,0.2025581559989773,Medium,1.391480153013919
865,474,Churn Risk,847.26,25,0,0.2054008350348728,Medium,1.3850562801507806
866,1429,Occasional Shoppers,664.52,70,3,0.2128301006762651,Medium,1.3835166887404906
867,1493,Occasional Shoppers,879.87,22,0,0.2039237340636566,Medium,1.3827884988585513
868,1571,Churn Risk,510.49,45,16,0.2206156865763384,Medium,1.3760524068121383
869,1737,Churn Risk,255.22,21,4,0.2466062715241083,Medium,1.3676873707769202
870,1597,Churn Risk,479.32,47,7,0.2211535216180931,Medium,1.3655019251524427
871,1415,Churn Risk,214.77,20,1,0.2533184032580038,Medium,1.3613870624010194
872,2089,Churn Risk,135.36,29,5,0.2739306096142914,Medium,1.3464507000967694
873,449,Churn Risk,425.69,24,11,0.2190773160276476,Medium,1.326744878509567
874,1201,Churn Risk,488.07,35,1,0.2138486068569391,Medium,1.3242587016115253
875,505,Churn Risk,123.04,12,7,0.2736118038587519,Medium,1.3189741819117702
876,1413,Churn Risk,310.2,22,7,0.2280625024822018,Medium,1.309178152131305
877,379,Churn Risk,4.49,1,503,0.7580346781511338,High,1.290878672088666
878,2454,Churn Risk,319.38,25,1,0.2226369705077774,Medium,1.284505735970114
879,2202,Churn Risk,281.02,15,1,0.2257887500646146,Medium,1.2738951583465332
880,70,Churn Risk,69.91,24,10,0.2922059990017668,Medium,1.245209994964629
881,375,Churn Risk,174.99,20,2,0.2381751538109558,Medium,1.2314672877316375
882,2357,Churn Risk,226.53,28,2,0.2226319490184061,Medium,1.208286391312382
883,1734,Churn Risk,146.45000000000002,17,0,0.2239805104001596,Medium,1.1184442451934742
884,1853,Churn Risk,234.46,32,1,0.2029529708801027,Medium,1.1084359812042062
885,1533,Churn Risk,138.61,15,11,0.2235328586710014,Medium,1.1039958896335942
886,274,Churn Risk,102.88,13,5,0.2267783273168529,Medium,1.0529853811340153
887,1480,Churn Risk,145.22,25,5,0.2103695745180586,Medium,1.0487159612310506
888,2152,Churn Risk,136.17,23,5,0.2064025236158203,Medium,1.0157524403772538
889,1984,Churn Risk,6.0,1,8,0.4942683015235357,Medium,0.9618017042909798
